Source,Target,ControlType
3,4,repressor
6,6,dual
11,6,activator
14,6,activator
8,9,activator
356,15,activator
17,18,activator
19,20,dual
20,20,repressor
21,20,dual
22,20,dual
23,20,activator
1,24,repressor
17,24,activator
18,24,activator
49,24,repressor
73,24,activator
76,24,repressor
85,24,repressor
117,24,repressor
144,24,activator
152,24,repressor
153,24,repressor
165,24,repressor
172,24,repressor
177,24,repressor
202,24,repressor
217,24,repressor
242,24,repressor
285,24,repressor
351,24,repressor
357,24,repressor
25,30,repressor
26,30,repressor
27,30,repressor
28,30,repressor
29,30,repressor
30,30,repressor
58,30,repressor
39,40,repressor
42,43,activator
43,43,repressor
47,46,activator
48,46,activator
49,49,repressor
50,49,repressor
51,53,repressor
52,53,repressor
54,55,activator
57,56,activator
129,56,activator
364,59,activator
368,59,activator
64,64,activator
65,64,activator
93,64,activator
103,64,activator
196,64,activator
264,64,repressor
340,64,activator
355,64,activator
381,64,repressor
406,64,activator
5,66,activator
13,66,activator
16,66,activator
19,66,activator
20,66,activator
21,66,activator
22,66,activator
23,66,activator
56,66,activator
57,66,activator
60,66,activator
63,66,activator
66,66,dual
72,66,repressor
83,66,activator
85,66,repressor
86,66,repressor
87,66,dual
95,66,activator
96,66,activator
112,66,activator
118,66,repressor
129,66,activator
136,66,activator
144,66,activator
150,66,activator
151,66,activator
154,66,activator
155,66,dual
157,66,activator
166,66,activator
167,66,activator
169,66,activator
172,66,activator
173,66,activator
174,66,activator
176,66,activator
177,66,activator
180,66,activator
182,66,activator
209,66,activator
216,66,activator
232,66,activator
233,66,repressor
234,66,activator
236,66,activator
237,66,activator
238,66,dual
240,66,activator
245,66,activator
246,66,activator
255,66,activator
270,66,activator
271,66,activator
287,66,dual
289,66,repressor
308,66,dual
312,66,dual
318,66,dual
336,66,dual
338,66,activator
345,66,dual
351,66,activator
361,66,repressor
362,66,activator
369,66,activator
373,66,activator
382,66,dual
387,66,activator
388,66,activator
390,66,activator
414,66,dual
416,66,activator
67,68,activator
68,68,activator
186,69,activator
193,69,activator
74,74,repressor
75,74,activator
77,77,repressor
78,77,activator
79,77,activator
80,77,activator
81,77,activator
368,77,activator
87,82,repressor
286,82,repressor
287,82,repressor
308,82,repressor
345,82,repressor
382,82,dual
388,82,repressor
87,88,repressor
287,88,repressor
382,88,repressor
283,90,activator
345,90,repressor
94,94,repressor
95,94,activator
96,97,repressor
109,109,repressor
290,111,activator
291,111,activator
290,113,activator
114,114,repressor
115,114,repressor
400,114,repressor
401,114,repressor
116,119,activator
117,119,repressor
118,119,repressor
203,119,repressor
395,119,repressor
122,123,activator
123,123,activator
120,127,activator
197,127,activator
200,127,activator
131,136,activator
132,136,activator
135,136,activator
137,136,activator
140,136,activator
141,136,activator
142,136,activator
132,137,activator
133,137,activator
134,137,activator
135,137,activator
137,137,activator
138,137,activator
139,137,activator
140,137,activator
141,137,activator
142,137,activator
264,137,activator
367,137,activator
381,137,activator
5,143,activator
16,143,activator
24,143,activator
44,143,activator
56,143,activator
73,143,repressor
76,143,repressor
86,143,activator
89,143,activator
121,143,activator
143,143,repressor
144,143,activator
146,143,activator
172,143,activator
200,143,activator
202,143,repressor
272,143,activator
273,143,activator
276,143,repressor
280,143,activator
285,143,repressor
351,143,repressor
369,143,activator
1,148,repressor
7,148,repressor
147,148,repressor
202,148,activator
309,148,activator
318,148,dual
326,148,repressor
150,151,activator
151,151,activator
60,154,repressor
110,154,repressor
123,154,repressor
124,154,repressor
125,154,repressor
126,154,repressor
128,154,repressor
154,154,repressor
357,154,repressor
374,154,repressor
155,156,repressor
157,156,repressor
157,157,repressor
255,157,repressor
159,158,repressor
160,160,repressor
162,160,dual
162,161,repressor
165,164,activator
169,169,dual
171,169,dual
267,169,activator
172,175,repressor
173,175,repressor
174,175,repressor
176,175,repressor
108,181,repressor
180,181,repressor
182,181,repressor
187,188,activator
188,188,repressor
1,190,activator
57,190,repressor
58,190,dual
92,190,activator
107,190,activator
144,190,activator
165,190,activator
171,190,dual
190,190,repressor
191,190,repressor
197,190,activator
200,190,activator
272,190,activator
273,190,activator
285,190,repressor
290,190,repressor
291,190,dual
292,190,repressor
295,190,repressor
314,190,activator
357,190,repressor
369,190,activator
192,192,activator
56,193,repressor
136,193,activator
137,193,activator
193,193,repressor
278,193,activator
294,193,activator
332,193,activator
365,193,repressor
197,197,repressor
422,198,activator
1,203,repressor
5,203,repressor
204,204,activator
205,207,activator
207,207,repressor
212,213,activator
216,215,repressor
218,219,activator
222,222,repressor
307,222,repressor
333,222,repressor
334,222,repressor
347,222,repressor
363,222,repressor
366,222,repressor
393,222,repressor
396,222,repressor
397,222,repressor
398,222,repressor
399,222,repressor
162,227,activator
178,227,activator
206,227,activator
211,227,dual
223,227,repressor
224,227,repressor
227,227,repressor
231,227,repressor
290,227,repressor
291,227,activator
293,227,repressor
294,227,activator
350,227,repressor
352,227,activator
365,227,activator
228,229,activator
229,229,repressor
369,229,activator
233,233,repressor
238,233,repressor
232,237,activator
234,237,activator
235,237,activator
236,237,activator
239,237,activator
145,241,activator
153,241,activator
241,241,repressor
277,241,activator
357,241,activator
423,241,activator
245,246,activator
246,246,repressor
247,251,repressor
248,251,repressor
249,251,repressor
251,251,repressor
252,251,repressor
179,252,activator
247,252,activator
250,252,activator
252,252,repressor
256,257,activator
237,258,repressor
240,258,repressor
317,258,repressor
318,258,repressor
259,259,activator
260,261,repressor
265,265,repressor
163,267,repressor
267,267,repressor
325,267,activator
268,269,repressor
306,269,repressor
168,270,dual
240,270,repressor
270,270,repressor
271,270,repressor
7,274,repressor
56,274,repressor
86,274,repressor
89,274,repressor
121,274,activator
144,274,repressor
146,274,repressor
272,274,activator
273,274,activator
280,274,activator
284,274,activator
285,274,activator
375,274,repressor
278,279,activator
5,282,activator
7,282,activator
13,282,activator
14,282,activator
18,282,activator
64,282,activator
92,282,activator
149,282,activator
210,282,activator
275,282,activator
278,282,activator
294,282,activator
296,282,activator
312,282,activator
67,292,activator
68,292,activator
118,292,repressor
136,292,repressor
290,292,activator
291,292,dual
10,298,activator
92,298,activator
183,298,activator
210,298,activator
298,298,repressor
299,299,repressor
302,304,activator
303,304,activator
304,304,activator
305,304,activator
316,304,activator
314,315,activator
62,324,repressor
71,324,repressor
162,324,repressor
170,324,repressor
179,324,repressor
185,324,repressor
313,324,repressor
319,324,repressor
320,324,repressor
321,324,repressor
322,324,repressor
323,324,repressor
324,324,repressor
327,324,repressor
328,324,repressor
360,324,repressor
411,324,repressor
325,325,repressor
329,330,repressor
149,331,activator
331,331,activator
403,331,activator
336,337,activator
337,337,activator
338,337,activator
41,339,activator
153,339,activator
155,339,repressor
208,339,activator
241,339,activator
243,339,activator
277,339,activator
357,339,activator
409,339,activator
410,339,activator
412,339,activator
423,339,activator
341,342,repressor
342,342,repressor
70,344,activator
84,344,activator
98,344,activator
99,344,activator
100,344,activator
101,344,activator
102,344,activator
103,344,activator
104,344,activator
105,344,activator
106,344,activator
130,344,activator
196,344,activator
214,344,activator
226,344,activator
244,344,activator
281,344,activator
297,344,activator
335,344,activator
343,344,activator
344,344,activator
345,344,activator
355,344,activator
394,344,activator
406,344,activator
61,345,activator
91,345,activator
184,345,activator
189,345,activator
194,345,activator
195,345,activator
201,345,activator
225,345,activator
262,345,activator
263,345,activator
46,346,activator
85,346,activator
120,346,activator
127,346,activator
169,346,activator
171,346,activator
197,346,activator
199,346,activator
267,346,activator
288,346,activator
314,346,activator
349,346,activator
422,346,activator
348,349,repressor
358,358,repressor
359,358,activator
2,359,activator
145,359,activator
153,359,activator
277,359,activator
357,359,activator
359,359,repressor
423,359,activator
362,362,repressor
369,369,activator
369,370,activator
375,376,activator
376,376,repressor
377,378,repressor
36,380,repressor
37,380,repressor
266,380,repressor
379,380,repressor
380,380,repressor
34,385,repressor
35,385,repressor
37,385,repressor
38,385,repressor
266,385,activator
383,385,repressor
384,385,dual
385,385,repressor
390,389,activator
392,391,repressor
392,401,repressor
401,401,repressor
404,405,activator
407,408,activator
408,408,activator
7,413,activator
12,413,activator
13,413,dual
31,413,activator
32,413,activator
33,413,activator
45,413,activator
220,413,activator
221,413,activator
230,413,activator
253,413,activator
254,413,activator
283,413,activator
299,413,activator
300,413,activator
301,413,activator
310,413,activator
311,413,activator
312,413,activator
351,413,activator
353,413,activator
354,413,activator
371,413,activator
372,413,activator
386,413,activator
402,413,activator
413,413,repressor
416,415,repressor
421,417,repressor
85,418,activator
86,418,activator
146,418,activator
419,420,activator
